,Country,Category,Title,LatestValue,LatestValueDate,q1,q2,q3,q4,YearEnd,YearEnd2,YearEnd3,q1_date,q2_date,q3_date,q4_date,Frequency,Unit,HistoricalDataSymbol
0,New Zealand,2 Year Note Yield,New Zealand 2 Year Note Yield,3.94,2024-10-15T00:00:00,3.8,3.74,3.68,3.62,3.8,3.51,3.39,2024-12-31T00:00:00,2025-03-31T00:00:00,2025-06-30T00:00:00,2025-09-30T00:00:00,Daily,%,GNZGB2
1,Sweden,2 Year Note Yield,Sweden 2 Year Note Yield,1.87,2024-10-14T00:00:00,1.65,1.6,1.56,1.51,1.65,1.42,1.34,2024-12-31T00:00:00,2025-03-31T00:00:00,2025-06-30T00:00:00,2025-09-30T00:00:00,Daily,%,GSGB2YR
2,New Zealand,ANZ Roy Morgan Consumer Confidence Index,New Zealand ANZ-Roy Morgan Consumer Confidence Index,95.1,2024-09-30T00:00:00,83.0,95.0,95.0,,83.0,101.0,104.0,2024-12-31T00:00:00,2025-03-31T00:00:00,2025-06-30T00:00:00,2025-09-30T00:00:00,Monthly,points,NZLARMCCI
3,Mexico,Auto Exports,Mexico Auto Exports,315.71,2024-09-30T00:00:00,242.0,242.0,,,242.0,232.0,,2024-12-31T00:00:00,2025-03-31T00:00:00,2025-06-30T00:00:00,2025-09-30T00:00:00,Monthly,Thousand Units,MEXICOAUTEXP
4,New Zealand,Average House Prices,New Zealand Residential Average Sale Price,901920.0,2024-09-30T00:00:00,934032.0,950627.0,941941.0,,934032.0,957383.0,976531.0,2024-12-31T00:00:00,2025-03-31T00:00:00,2025-06-30T00:00:00,2025-09-30T00:00:00,Monthly,NZD,NZLAHP
5,New Zealand,Balance of Trade,New Zealand Balance of Trade,-2203.0,2024-08-31T00:00:00,-740.0,-960.0,-960.0,,-740.0,-660.0,-770.0,2024-12-31T00:00:00,2025-03-31T00:00:00,2025-06-30T00:00:00,2025-09-30T00:00:00,Monthly,NZD Million,NZMTBAL
6,Sweden,Balance of Trade,Sweden Balance of Trade,-5300.0,2024-08-31T00:00:00,-2000.0,8200.0,8200.0,,-2000.0,-2800.0,,2024-12-31T00:00:00,2025-03-31T00:00:00,2025-06-30T00:00:00,2025-09-30T00:00:00,Monthly,SEK Million,SWTBAL
7,New Zealand,Bank Lending Rate,New Zealand SME Overdraft Rate,12.59,2024-08-31T00:00:00,12.09,11.84,11.59,11.34,12.09,11.09,11.34,2024-12-31T00:00:00,2025-03-31T00:00:00,2025-06-30T00:00:00,2025-09-30T00:00:00,Monthly,percent,NEWZEALANBANLENRAT
8,Mexico,Banks Balance Sheet,Mexico Banks Balance Sheet,11891770.26,2024-08-31T00:00:00,1829452.0,1829452.0,,,1829452.0,2241232.0,,2024-12-31T00:00:00,2025-03-31T00:00:00,2025-06-30T00:00:00,2025-09-30T00:00:00,Monthly,MXN Million,MEXICOBANBALSHE
9,New Zealand,Building Permits,New Zealand New Dwellings Building Consents,2809.0,2024-08-31T00:00:00,2899.0,2983.0,3069.0,,2899.0,3116.0,3175.0,2024-12-31T00:00:00,2025-03-31T00:00:00,2025-06-30T00:00:00,2025-09-30T00:00:00,Monthly,Units,NEWZEALANBUIPER
10,New Zealand,Building Permits MoM,New Zealand New Dwellings Building Consents MoM,-5.3,2024-08-31T00:00:00,3.2,2.9,2.9,,3.2,1.5,1.9,2024-12-31T00:00:00,2025-03-31T00:00:00,2025-06-30T00:00:00,2025-09-30T00:00:00,Monthly,percent,NZLBPM
11,New Zealand,Business Confidence,New Zealand Business Confidence,60.9,2024-09-30T00:00:00,11.0,16.0,16.0,,11.0,15.0,,2024-12-31T00:00:00,2025-03-31T00:00:00,2025-06-30T00:00:00,2025-09-30T00:00:00,Monthly,points,NZIEBCAC
12,Sweden,Business Confidence,Sweden Business Confidence,94.9,2024-09-30T00:00:00,101.0,102.0,102.0,,101.0,105.0,,2024-12-31T00:00:00,2025-03-31T00:00:00,2025-06-30T00:00:00,2025-09-30T00:00:00,Monthly,points,SwedenBC
13,Mexico,Business Confidence,Mexico Business Confidence,51.9,2024-09-30T00:00:00,53.0,53.0,,,53.0,55.0,,2024-12-31T00:00:00,2025-03-31T00:00:00,2025-06-30T00:00:00,2025-09-30T00:00:00,Monthly,points,MexicoBC
14,Sweden,Business Inventories,Sweden Industrial Inventories,-2394.39,2024-06-30T00:00:00,-3600.0,-1700.0,-1700.0,,-3600.0,-2400.0,-2800.0,2024-12-31T00:00:00,2025-03-31T00:00:00,2025-06-30T00:00:00,2025-09-30T00:00:00,Quarterly,SEK Million,SWEDENBUSINV
15,New Zealand,Capacity Utilization,New Zealand Capacity Utilization,89.1,2024-09-30T00:00:00,92.6,92.4,92.4,,92.6,93.0,92.9,2024-12-31T00:00:00,2025-03-31T00:00:00,2025-06-30T00:00:00,2025-09-30T00:00:00,Quarterly,percent,NEWZEALANCAPUTI
16,Mexico,Capacity Utilization,Mexico Capacity Utilization,81.8,2024-07-31T00:00:00,83.0,83.0,,,83.0,83.0,,2024-12-31T00:00:00,2025-03-31T00:00:00,2025-06-30T00:00:00,2025-09-30T00:00:00,Monthly,percent,MEXICOCAPUTI
17,Mexico,Car Production,Mexico Car Production,378.58,2024-09-30T00:00:00,226.0,226.0,,,226.0,276.0,,2024-12-31T00:00:00,2025-03-31T00:00:00,2025-06-30T00:00:00,2025-09-30T00:00:00,Monthly,Thousand Units,MEXICOCARPRO
18,New Zealand,Car Registrations,New Zealand New Motor Vehicle Registrations,3636.0,2024-08-31T00:00:00,4000.0,5250.0,5250.0,,4000.0,4250.0,,2024-12-31T00:00:00,2025-03-31T00:00:00,2025-06-30T00:00:00,2025-09-30T00:00:00,Monthly,Units,NEWZEALANCARREG
19,New Zealand,Commodity Prices YoY,New Zealand ANZ World Commodity Price Index YoY,14.36,2024-09-30T00:00:00,4.5,3.7,3.7,,4.5,2.5,1.9,2024-12-31T00:00:00,2025-03-31T00:00:00,2025-06-30T00:00:00,2025-09-30T00:00:00,Monthly,percent,NZLCPY
20,New Zealand,Composite PMI,New Zealand Composite PMI,46.4,2024-09-30T00:00:00,52.0,53.2,53.2,,52.0,52.5,53.2,2024-12-31T00:00:00,2025-03-31T00:00:00,2025-06-30T00:00:00,2025-09-30T00:00:00,Monthly,points,NEWZEALANCOMPMI
21,New Zealand,Consumer Confidence,New Zealand Consumer Confidence,90.8,2024-09-30T00:00:00,95.0,99.0,99.0,,95.0,101.0,105.0,2024-12-31T00:00:00,2025-03-31T00:00:00,2025-06-30T00:00:00,2025-09-30T00:00:00,Quarterly,points,NZCC
22,Sweden,Consumer Confidence,Sweden Consumer Confidence,99.5,2024-09-30T00:00:00,93.0,94.0,94.0,,93.0,96.0,99.0,2024-12-31T00:00:00,2025-03-31T00:00:00,2025-06-30T00:00:00,2025-09-30T00:00:00,Monthly,points,SWECCI
23,Mexico,Consumer Confidence,Mexico Consumer Confidence,47.1,2024-09-30T00:00:00,45.0,45.0,,,45.0,45.0,,2024-12-31T00:00:00,2025-03-31T00:00:00,2025-06-30T00:00:00,2025-09-30T00:00:00,Monthly,points,MXCFCONF
24,Mexico,Consumer Credit,Mexico Consumer Credit,1924943.9,2024-06-30T00:00:00,1849300.0,1891528.0,1967293.0,,1849300.0,1882587.0,,2024-12-31T00:00:00,2025-03-31T00:00:00,2025-06-30T00:00:00,2025-09-30T00:00:00,Quarterly,MXN Million,MEXICOCONCRE
25,Mexico,Consumer Price Index CPI,Mexico Consumer Price Index (CPI),136.1,2024-09-30T00:00:00,137.4,138.62,139.04,140.18,137.4,142.07,,2024-12-31T00:00:00,2025-03-31T00:00:00,2025-06-30T00:00:00,2025-09-30T00:00:00,Monthly,points,MEXICOCONPRIINDCPI
26,Sweden,Consumer Price Index CPI,Sweden Consumer Price Index (CPI),414.57,2024-09-30T00:00:00,425.74,424.2,424.18,422.45,425.74,436.38,442.93,2024-12-31T00:00:00,2025-03-31T00:00:00,2025-06-30T00:00:00,2025-09-30T00:00:00,Monthly,points,SWEDENCONPRIINDCPI
27,New Zealand,Consumer Price Index CPI,New Zealand Consumer Price Index (CPI),1280.0,2024-09-30T00:00:00,1287.0,1294.0,1297.0,1306.0,1287.0,1315.0,1343.0,2024-12-31T00:00:00,2025-03-31T00:00:00,2025-06-30T00:00:00,2025-09-30T00:00:00,Quarterly,points,NEWZEALANCONPRIINDCP
28,New Zealand,Consumer Spending,New Zealand Consumer Spending,44895.0,2024-06-30T00:00:00,44582.0,44986.0,45075.0,45344.0,44582.0,45162.0,46065.0,2024-12-31T00:00:00,2025-03-31T00:00:00,2025-06-30T00:00:00,2025-09-30T00:00:00,Quarterly,NZD Million,NEWZEALANCONSPE
29,Sweden,Consumer Spending,Sweden Consumer Spending,693939.0,2024-06-30T00:00:00,704003.0,705845.0,704348.0,,704003.0,726531.0,747600.0,2024-12-31T00:00:00,2025-03-31T00:00:00,2025-06-30T00:00:00,2025-09-30T00:00:00,Quarterly,SEK Million,SWEDENCONSPE
30,Mexico,Consumer Spending,Mexico Consumer Spending,18091608.0,2024-06-30T00:00:00,18160508.0,18592517.0,18489623.0,,18160508.0,18487397.0,,2024-12-31T00:00:00,2025-03-31T00:00:00,2025-06-30T00:00:00,2025-09-30T00:00:00,Quarterly,MXN Million,MEXICOCONSPE
31,Mexico,Core Consumer Prices,Mexico Core Consumer Prices,135.05,2024-08-31T00:00:00,135.97,137.13,138.22,138.97,135.97,140.05,,2024-12-31T00:00:00,2025-03-31T00:00:00,2025-06-30T00:00:00,2025-09-30T00:00:00,Monthly,points,MEXICOCORCONPRI
32,Sweden,Core Consumer Prices,Sweden Consumer Price Index,248.22,2024-09-30T00:00:00,248.48,249.89,252.72,,248.48,252.71,257.76,2024-12-31T00:00:00,2025-03-31T00:00:00,2025-06-30T00:00:00,2025-09-30T00:00:00,Monthly,points,SWEDENCORCONPRI
33,New Zealand,Core Consumer Prices,New Zealand Core Consumer Prices,1277.0,2024-09-30T00:00:00,1290.0,1298.0,1302.0,,1290.0,1322.0,1349.0,2024-12-31T00:00:00,2025-03-31T00:00:00,2025-06-30T00:00:00,2025-09-30T00:00:00,Quarterly,points,NEWZEALANCORCONPRI
34,New Zealand,Core Inflation Rate,New Zealand Core Inflation Rate,2.7,2024-09-30T00:00:00,3.2,3.0,3.0,,3.2,2.5,2.0,2024-12-31T00:00:00,2025-03-31T00:00:00,2025-06-30T00:00:00,2025-09-30T00:00:00,Quarterly,percent,NZLCORECPIRATE
35,Sweden,Core Inflation Rate,Sweden Consumer Price Index exclusive energy with fixed interest rate (CPIF-XE),2.0,2024-09-30T00:00:00,1.8,2.2,2.2,,1.8,1.7,2.0,2024-12-31T00:00:00,2025-03-31T00:00:00,2025-06-30T00:00:00,2025-09-30T00:00:00,Monthly,percent,SWECORECPIRATE
36,Mexico,Core Inflation Rate,Mexico Core Inflation Rate,3.91,2024-09-30T00:00:00,3.2,2.7,2.9,2.9,3.2,3.0,,2024-12-31T00:00:00,2025-03-31T00:00:00,2025-06-30T00:00:00,2025-09-30T00:00:00,Monthly,percent,MEXCORECPIRATE
37,Mexico,Core Inflation Rate MoM,Mexico Core Inflation Rate MoM,0.28,2024-09-30T00:00:00,0.5,0.5,0.3,0.3,0.5,0.5,,2024-12-31T00:00:00,2025-03-31T00:00:00,2025-06-30T00:00:00,2025-09-30T00:00:00,Monthly,percent,MEXCIRM
38,Sweden,Core Inflation Rate MoM,Sweden Consumer Price Index exclusive energy with fixed interest rate (CPIF-XE),0.4,2024-09-30T00:00:00,0.2,0.4,0.4,,0.2,0.4,0.3,2024-12-31T00:00:00,2025-03-31T00:00:00,2025-06-30T00:00:00,2025-09-30T00:00:00,Monthly,percent,SWECIRM
39,Sweden,CPI Housing Utilities,Sweden CPI Housing & Utilities,563.05,2024-09-30T00:00:00,586.65,594.52,584.43,573.75,586.65,601.31,610.33,2024-12-31T00:00:00,2025-03-31T00:00:00,2025-06-30T00:00:00,2025-09-30T00:00:00,Monthly,points,SWEDENCHU
40,New Zealand,CPI Housing Utilities,New Zealand  CPI Housing and Household Utilities,1398.0,2024-09-30T00:00:00,1377.0,1385.0,1399.0,1426.0,1377.0,1407.0,1436.0,2024-12-31T00:00:00,2025-03-31T00:00:00,2025-06-30T00:00:00,2025-09-30T00:00:00,Quarterly,points,NEWZEALANCHU
41,Mexico,CPI Housing Utilities,Mexico CPI Housing Utilities,119.14,2024-09-30T00:00:00,123.45,125.37,121.17,122.71,123.45,127.65,,2024-12-31T00:00:00,2025-03-31T00:00:00,2025-06-30T00:00:00,2025-09-30T00:00:00,Monthly,points,MEXICOCPIHOUUTI
42,Mexico,CPI Transportation,Mexico CPI Transportation,130.39,2024-09-30T00:00:00,130.78,131.04,131.37,131.7,130.78,132.09,,2024-12-31T00:00:00,2025-03-31T00:00:00,2025-06-30T00:00:00,2025-09-30T00:00:00,Monthly,points,MEXICOCPITRA
43,New Zealand,CPI Transportation,New Zealand CPI Transportation,1236.0,2024-09-30T00:00:00,1240.0,1246.0,1251.0,1261.0,1240.0,1267.0,,2024-12-31T00:00:00,2025-03-31T00:00:00,2025-06-30T00:00:00,2025-09-30T00:00:00,Quarterly,points,NEWZEALANCPITRA
44,Sweden,CPI Transportation,Sweden CPI Transportation,545.78,2024-09-30T00:00:00,547.42,549.61,548.51,549.61,547.42,551.8,553.46,2024-12-31T00:00:00,2025-03-31T00:00:00,2025-06-30T00:00:00,2025-09-30T00:00:00,Monthly,points,SWEDENCPITRA
45,Sweden,CPI with fixed interest rate MoM,Sweden CPI With Fixed Interest Rate (CPIF) MoM,0.3,2024-09-30T00:00:00,0.2,0.4,0.3,0.3,0.2,0.4,0.3,2024-12-31T00:00:00,2025-03-31T00:00:00,2025-06-30T00:00:00,2025-09-30T00:00:00,Monthly,percent,SWECWFIRM
46,Sweden,CPI with fixed interest rate YoY,Sweden CPI With Fixed Interest Rate (CPIF) YoY,1.1,2024-09-30T00:00:00,4.0,3.8,4.5,3.2,4.0,1.9,2.0,2024-12-31T00:00:00,2025-03-31T00:00:00,2025-06-30T00:00:00,2025-09-30T00:00:00,Monthly,percent,SWECWFIRY
47,New Zealand,Credit Card Spending,New Zealand Credit Card Spending,6016.0,2024-09-30T00:00:00,8200.0,6300.0,6300.0,,8200.0,8400.0,8600.0,2024-12-31T00:00:00,2025-03-31T00:00:00,2025-06-30T00:00:00,2025-09-30T00:00:00,Monthly,NZD Million,NEWZEALANCRECARSPE
48,Mexico,Crude Oil Production,Mexico Crude Oil Production,1852.0,2024-06-30T00:00:00,1915.0,1915.0,,,1915.0,,,2024-12-31T00:00:00,2025-03-31T00:00:00,2025-06-30T00:00:00,2025-09-30T00:00:00,Monthly,BBL/D/1K,MEXICOCRUOILPRO
49,Mexico,Currency,Mexican Peso,19.89,2024-10-16T00:00:00,20.11,20.55,21.0,21.46,20.11,22.41,23.4,2024-12-31T00:00:00,2025-03-31T00:00:00,2025-06-30T00:00:00,2025-09-30T00:00:00,Daily,,USDMXN
50,New Zealand,Currency,New Zealand Dollar,0.61,2024-10-16T00:00:00,0.62,0.61,0.6,0.59,0.62,0.58,0.56,2024-12-31T00:00:00,2025-03-31T00:00:00,2025-06-30T00:00:00,2025-09-30T00:00:00,Daily,,NZDUSD
51,Sweden,Currency,Swedish Krona,10.5,2024-10-16T00:00:00,10.36,10.53,10.71,10.88,10.36,11.25,11.62,2024-12-31T00:00:00,2025-03-31T00:00:00,2025-06-30T00:00:00,2025-09-30T00:00:00,Daily,,USDSEK
52,Sweden,Current Account,Sweden Current Account,153.9,2024-06-30T00:00:00,75.0,68.0,68.0,,75.0,65.0,59.0,2024-12-31T00:00:00,2025-03-31T00:00:00,2025-06-30T00:00:00,2025-09-30T00:00:00,Quarterly,SEK Billion,SWCA
53,New Zealand,Current Account,New Zealand Current Account,-4826.0,2024-06-30T00:00:00,-4700.0,-4900.0,-4900.0,,-4700.0,-4100.0,-3600.0,2024-12-31T00:00:00,2025-03-31T00:00:00,2025-06-30T00:00:00,2025-09-30T00:00:00,Quarterly,NZD Million,NZBPCA
54,Mexico,Current Account,Mexico Current Account,3639.0,2024-06-30T00:00:00,2050.0,2050.0,,,2050.0,-1050.0,,2024-12-31T00:00:00,2025-03-31T00:00:00,2025-06-30T00:00:00,2025-09-30T00:00:00,Quarterly,USD Million,OEMXB039
55,Mexico,Current Account to GDP,Mexico Current Account to GDP,-1.5,2023-12-31T00:00:00,,,,,-1.23,-1.0,,2024-12-31T00:00:00,2025-03-31T00:00:00,2025-06-30T00:00:00,2025-09-30T00:00:00,Yearly,percent of GDP,MEXCA2GDP
56,New Zealand,Current Account to GDP,New Zealand Current Account to GDP,-6.9,2023-12-31T00:00:00,,,,,-6.6,-5.8,,2024-12-31T00:00:00,2025-03-31T00:00:00,2025-06-30T00:00:00,2025-09-30T00:00:00,Yearly,percent of GDP,NZLCA2GDP
57,Sweden,Current Account to GDP,Sweden Current Account to GDP,6.5,2023-12-31T00:00:00,,,,,5.5,5.3,,2024-12-31T00:00:00,2025-03-31T00:00:00,2025-06-30T00:00:00,2025-09-30T00:00:00,Yearly,percent of GDP,SWECA2GDP
58,Sweden,Deposit Interest Rate,Deposit Interest Rate in Sweden,3.15,2024-10-02T00:00:00,2.9,2.65,2.4,2.4,2.9,2.4,1.9,2024-12-31T00:00:00,2025-03-31T00:00:00,2025-06-30T00:00:00,2025-09-30T00:00:00,Monthly,percent,SWEFRINRDPST
59,New Zealand,Deposit Interest Rate,Deposit Interest Rate in New Zealand,4.6,2024-08-31T00:00:00,4.1,3.85,3.6,3.35,4.1,3.1,3.35,2024-12-31T00:00:00,2025-03-31T00:00:00,2025-06-30T00:00:00,2025-09-30T00:00:00,Monthly,percent,NZLFRINRDPST
60,Mexico,Deposit Interest Rate,Deposit Interest Rate in Mexico,4.7,2024-07-31T00:00:00,3.95,2.7,0.7,-0.3,3.95,-0.8,-0.8,2024-12-31T00:00:00,2025-03-31T00:00:00,2025-06-30T00:00:00,2025-09-30T00:00:00,Monthly,percent,MEXFRINRDPST
61,Sweden,Disposable Personal Income,Sweden Net Disposable Personal Income,821597.0,2024-06-30T00:00:00,712888.0,745972.0,833921.0,,712888.0,735700.0,757035.0,2024-12-31T00:00:00,2025-03-31T00:00:00,2025-06-30T00:00:00,2025-09-30T00:00:00,Quarterly,SEK Million,SWEDENDISPERINC
62,New Zealand,Employed Persons,New Zealand Employed Persons,2954.0,2024-06-30T00:00:00,2950.0,2952.0,2965.0,2965.0,2950.0,2990.0,3180.0,2024-12-31T00:00:00,2025-03-31T00:00:00,2025-06-30T00:00:00,2025-09-30T00:00:00,Quarterly,Thousand,NEWZEALANEMPPER
63,New Zealand,Employment Change,New Zealand Employment Change,0.4,2024-06-30T00:00:00,0.2,0.0,0.4,0.4,0.2,0.2,0.2,2024-12-31T00:00:00,2025-03-31T00:00:00,2025-06-30T00:00:00,2025-09-30T00:00:00,Quarterly,percent,NEWZEALANEMPCHA
64,New Zealand,Export Prices MoM,New Zealand Export Prices QoQ,5.2,2024-06-30T00:00:00,0.9,0.5,0.5,,0.9,0.6,0.3,2024-12-31T00:00:00,2025-03-31T00:00:00,2025-06-30T00:00:00,2025-09-30T00:00:00,Quarterly,percent,NZLEPM
65,New Zealand,Exports,New Zealand Exports,4970.0,2024-08-31T00:00:00,6250.0,6630.0,6630.0,,6250.0,6550.0,6700.0,2024-12-31T00:00:00,2025-03-31T00:00:00,2025-06-30T00:00:00,2025-09-30T00:00:00,Monthly,NZD Million,NZMTEXP
66,Sweden,Exports,Sweden Exports,150300.0,2024-08-31T00:00:00,175200.0,196900.0,196900.0,,175200.0,179800.0,,2024-12-31T00:00:00,2025-03-31T00:00:00,2025-06-30T00:00:00,2025-09-30T00:00:00,Monthly,SEK Million,SWTBEX
67,Mexico,Exports,Mexico Exports,51915.5,2024-08-31T00:00:00,51356.0,51356.0,,,51356.0,59466.0,,2024-12-31T00:00:00,2025-03-31T00:00:00,2025-06-30T00:00:00,2025-09-30T00:00:00,Monthly,USD Million,MXTBBEXP
68,Mexico,Food Inflation,Mexico Food Inflation,4.67,2024-09-30T00:00:00,5.0,4.8,5.3,4.9,5.0,5.5,4.8,2024-12-31T00:00:00,2025-03-31T00:00:00,2025-06-30T00:00:00,2025-09-30T00:00:00,Monthly,percent,MEXICOFOOINF
69,Sweden,Food Inflation,Sweden Food Inflation,2.11,2024-09-30T00:00:00,2.7,2.5,2.5,,2.7,2.2,1.9,2024-12-31T00:00:00,2025-03-31T00:00:00,2025-06-30T00:00:00,2025-09-30T00:00:00,Monthly,percent,SWEDENFOOINF
70,New Zealand,Food Inflation,New Zealand Food Inflation,1.2,2024-09-30T00:00:00,2.8,2.2,2.2,,2.8,2.0,1.7,2024-12-31T00:00:00,2025-03-31T00:00:00,2025-06-30T00:00:00,2025-09-30T00:00:00,Monthly,percent,NEWZEALANFOOINF
71,Mexico,Foreign Exchange Reserves,Mexico Foreign Exchange Reserves,230745.0,2024-08-31T00:00:00,210000.0,210000.0,,,210000.0,226215.0,,2024-12-31T00:00:00,2025-03-31T00:00:00,2025-06-30T00:00:00,2025-09-30T00:00:00,Monthly,USD Million,MEXICOFOREXCRES
72,Mexico,Full Year GDP Growth,Mexico Full Year Gdp Growth,3.2,2023-12-31T00:00:00,,,,,3.0,2.2,,2024-12-31T00:00:00,2025-03-31T00:00:00,2025-06-30T00:00:00,2025-09-30T00:00:00,Yearly,percent,MEXFYGG
73,New Zealand,Full Year GDP Growth,New Zealand Full Year GDP Growth,0.6,2023-12-31T00:00:00,,,,,0.4,1.5,2.0,2024-12-31T00:00:00,2025-03-31T00:00:00,2025-06-30T00:00:00,2025-09-30T00:00:00,Yearly,percent,NZLFYGG
74,Sweden,Full Year GDP Growth,Sweden Full Year GDP Growth,-0.2,2023-12-31T00:00:00,,,,,0.7,2.5,3.2,2024-12-31T00:00:00,2025-03-31T00:00:00,2025-06-30T00:00:00,2025-09-30T00:00:00,Yearly,percent,SWEFYGG
75,Sweden,Gasoline Prices,Sweden Gasoline Prices,1.57,2024-09-30T00:00:00,1.59,1.63,1.67,1.71,1.59,1.79,1.87,2024-12-31T00:00:00,2025-03-31T00:00:00,2025-06-30T00:00:00,2025-09-30T00:00:00,Monthly,USD/Liter,SwedenGasPri
76,New Zealand,Gasoline Prices,New Zealand Gasoline Prices,1.71,2024-09-30T00:00:00,1.73,1.77,1.81,1.86,1.73,1.94,2.04,2024-12-31T00:00:00,2025-03-31T00:00:00,2025-06-30T00:00:00,2025-09-30T00:00:00,Monthly,USD/Liter,NEWZEALANGASPRI
77,Mexico,Gasoline Prices,Mexico Gasoline Prices,1.22,2024-09-30T00:00:00,1.23,1.26,1.29,1.32,1.23,1.39,1.45,2024-12-31T00:00:00,2025-03-31T00:00:00,2025-06-30T00:00:00,2025-09-30T00:00:00,Monthly,USD/Liter,MexicoGasPri
78,Mexico,GDP,Mexico GDP,1788.89,2023-12-31T00:00:00,,,,,1315.0,1302.0,,2024-12-31T00:00:00,2025-03-31T00:00:00,2025-06-30T00:00:00,2025-09-30T00:00:00,Yearly,USD Billion,WGDPMEXI
79,New Zealand,GDP,New Zealand GDP,253.47,2023-12-31T00:00:00,,,,,254.48,258.3,263.47,2024-12-31T00:00:00,2025-03-31T00:00:00,2025-06-30T00:00:00,2025-09-30T00:00:00,Yearly,USD Billion,WGDPNEWZ
80,Sweden,GDP,Sweden GDP,593.27,2023-12-31T00:00:00,,,,,597.42,612.36,631.95,2024-12-31T00:00:00,2025-03-31T00:00:00,2025-06-30T00:00:00,2025-09-30T00:00:00,Yearly,USD Billion,WGDPSWED
81,Mexico,GDP Aggregate Demand QoQ,Mexico GDP Aggregate Demand QoQ,-0.4,2024-06-30T00:00:00,1.0,1.0,,,1.0,1.0,,2024-12-31T00:00:00,2025-03-31T00:00:00,2025-06-30T00:00:00,2025-09-30T00:00:00,Quarterly,percent,MEXGADQ
82,Mexico,GDP Aggregate Demand YoY,Mexico GDP Aggregate Demand YoY,2.1,2024-06-30T00:00:00,3.0,3.0,,,3.0,3.0,,2024-12-31T00:00:00,2025-03-31T00:00:00,2025-06-30T00:00:00,2025-09-30T00:00:00,Quarterly,percent,MEXGADY
83,Mexico,GDP Annual Growth Rate,Mexico GDP Annual Growth Rate,2.1,2024-06-30T00:00:00,1.6,2.2,2.2,,1.6,1.8,,2024-12-31T00:00:00,2025-03-31T00:00:00,2025-06-30T00:00:00,2025-09-30T00:00:00,Quarterly,percent,MXGCTOT
84,New Zealand,GDP Annual Growth Rate,New Zealand GDP Annual Growth Rate,-0.5,2024-06-30T00:00:00,0.2,0.6,0.4,1.0,0.2,1.3,2.0,2024-12-31T00:00:00,2025-03-31T00:00:00,2025-06-30T00:00:00,2025-09-30T00:00:00,Quarterly,percent,NZNTGDPY
85,Sweden,GDP Annual Growth Rate,Sweden GDP Annual Growth Rate,0.5,2024-06-30T00:00:00,0.7,1.5,1.5,,0.7,3.2,2.9,2024-12-31T00:00:00,2025-03-31T00:00:00,2025-06-30T00:00:00,2025-09-30T00:00:00,Quarterly,percent,SWGDPAYY
86,Mexico,GDP Constant Prices,Mexico GDP Constant Prices,25266808.8,2024-06-30T00:00:00,25603624.0,25782486.0,25822679.0,,25603624.0,26064489.0,,2024-12-31T00:00:00,2025-03-31T00:00:00,2025-06-30T00:00:00,2025-09-30T00:00:00,Quarterly,MXN Million,MEXICOGDPCONPRI
87,Sweden,GDP Constant Prices,Sweden GDP Constant Prices,1559898.0,2024-06-30T00:00:00,1562426.0,1587383.0,1583296.0,,1562426.0,1612424.0,1659184.0,2024-12-31T00:00:00,2025-03-31T00:00:00,2025-06-30T00:00:00,2025-09-30T00:00:00,Quarterly,SEK Million,SWEDENGDPCONPRI
88,New Zealand,GDP Constant Prices,New Zealand GDP Constant Prices,71186.0,2024-06-30T00:00:00,71058.0,71581.0,71471.0,71898.0,71058.0,71982.0,73421.0,2024-12-31T00:00:00,2025-03-31T00:00:00,2025-06-30T00:00:00,2025-09-30T00:00:00,Quarterly,NZD Million,NEWZEALANGDPCONPRI
89,New Zealand,GDP Deflator,New Zealand GDP Deflator,1470.0,2024-06-30T00:00:00,1474.0,1492.0,1499.0,1499.0,1474.0,1506.0,1538.0,2024-12-31T00:00:00,2025-03-31T00:00:00,2025-06-30T00:00:00,2025-09-30T00:00:00,Quarterly,points,NEWZEALANGDPDEF
90,Mexico,GDP Deflator,Mexico GDP Deflator,131.82,2024-06-30T00:00:00,134.75,134.29,136.17,135.77,134.75,139.33,,2024-12-31T00:00:00,2025-03-31T00:00:00,2025-06-30T00:00:00,2025-09-30T00:00:00,Quarterly,points,MEXICOGDPDEF
91,Mexico,GDP from Agriculture,Mexico GDP From Agriculture,841963.0,2024-06-30T00:00:00,972797.0,758889.0,860486.0,,972797.0,990307.0,,2024-12-31T00:00:00,2025-03-31T00:00:00,2025-06-30T00:00:00,2025-09-30T00:00:00,Quarterly,MXN Million,MEXICOGDPFROAGR
92,New Zealand,GDP from Agriculture,New Zealand GDP From Agriculture,3465.0,2024-06-30T00:00:00,3522.0,3535.0,3479.0,3500.0,3522.0,3568.0,3639.0,2024-12-31T00:00:00,2025-03-31T00:00:00,2025-06-30T00:00:00,2025-09-30T00:00:00,Quarterly,NZD Million,NEWZEALANGDPFROAGR
93,Sweden,GDP from Agriculture,Sweden GDP From Agriculture Forestry and Fishing,16197.0,2024-06-30T00:00:00,14308.0,16279.0,16440.0,,14308.0,14766.0,15195.0,2024-12-31T00:00:00,2025-03-31T00:00:00,2025-06-30T00:00:00,2025-09-30T00:00:00,Quarterly,SEK Million,SWEDENGDPFROAGR
94,Sweden,GDP from Construction,Sweden GDP From Construction,93774.0,2024-06-30T00:00:00,109073.0,85764.0,95181.0,,109073.0,112564.0,115828.0,2024-12-31T00:00:00,2025-03-31T00:00:00,2025-06-30T00:00:00,2025-09-30T00:00:00,Quarterly,SEK Million,SWEDENGDPFROCON
95,New Zealand,GDP from Construction,New Zealand GDP From Construction,4196.0,2024-06-30T00:00:00,4322.0,4239.0,4213.0,4238.0,4322.0,4378.0,4465.0,2024-12-31T00:00:00,2025-03-31T00:00:00,2025-06-30T00:00:00,2025-09-30T00:00:00,Quarterly,NZD Million,NEWZEALANGDPFROCON
96,Mexico,GDP from Construction,Mexico GDP From Construction,1640730.7,2024-06-30T00:00:00,1643811.0,1521374.0,1676827.0,,1643811.0,1673399.0,,2024-12-31T00:00:00,2025-03-31T00:00:00,2025-06-30T00:00:00,2025-09-30T00:00:00,Quarterly,MXN Million,MEXICOGDPFROCON
97,Mexico,GDP from Manufacturing,Mexico GDP From Manufacturing,5248232.4,2024-06-30T00:00:00,5202432.0,5230967.0,5363694.0,,5202432.0,5296076.0,,2024-12-31T00:00:00,2025-03-31T00:00:00,2025-06-30T00:00:00,2025-09-30T00:00:00,Quarterly,MXN Million,MEXICOGDPFROMAN
98,New Zealand,GDP from Manufacturing,New Zealand GDP From Manufacturing,5397.0,2024-06-30T00:00:00,5380.0,5327.0,5419.0,5451.0,5380.0,5450.0,5559.0,2024-12-31T00:00:00,2025-03-31T00:00:00,2025-06-30T00:00:00,2025-09-30T00:00:00,Quarterly,NZD Million,NEWZEALANGDPFROMAN
99,Sweden,GDP from Manufacturing,Sweden GDP From Manufacturing,233618.0,2024-06-30T00:00:00,222891.0,230447.0,237122.0,,222891.0,230024.0,236695.0,2024-12-31T00:00:00,2025-03-31T00:00:00,2025-06-30T00:00:00,2025-09-30T00:00:00,Quarterly,SEK Million,SWEDENGDPFROMAN
100,Sweden,GDP from Mining,Sweden GDP From Mineral Extract,7484.0,2024-06-30T00:00:00,8875.0,5945.0,7596.0,,8875.0,9159.0,9424.0,2024-12-31T00:00:00,2025-03-31T00:00:00,2025-06-30T00:00:00,2025-09-30T00:00:00,Quarterly,SEK Million,SWEDENGDPFROMIN
101,New Zealand,GDP from Mining,New Zealand GDP From Mining,496.0,2024-06-30T00:00:00,526.05,518.09,497.98,500.96,526.05,532.89,543.55,2024-12-31T00:00:00,2025-03-31T00:00:00,2025-06-30T00:00:00,2025-09-30T00:00:00,Quarterly,NZD Million,NEWZEALANGDPFROMIN
102,Mexico,GDP from Mining,Mexico GDP From Mining,941927.4,2024-06-30T00:00:00,979132.0,973400.0,962650.0,,979132.0,996757.0,,2024-12-31T00:00:00,2025-03-31T00:00:00,2025-06-30T00:00:00,2025-09-30T00:00:00,Quarterly,MXN Million,MEXICOGDPFROMIN
103,Mexico,GDP from Public Administration,Mexico GDP From Public Administration,841627.6,2024-06-30T00:00:00,888310.0,831131.0,860143.0,,888310.0,904300.0,,2024-12-31T00:00:00,2025-03-31T00:00:00,2025-06-30T00:00:00,2025-09-30T00:00:00,Quarterly,MXN Million,MEXICOGFPA
104,New Zealand,GDP from Public Administration,New Zealand GDP From Public Administration and Safety,3462.0,2024-06-30T00:00:00,3507.0,3478.0,3476.0,3497.0,3507.0,3553.0,3624.0,2024-12-31T00:00:00,2025-03-31T00:00:00,2025-06-30T00:00:00,2025-09-30T00:00:00,Quarterly,NZD Million,NEWZEALANGFPA
105,Sweden,GDP from Public Administration,Sweden GDP From Public Administration,146651.0,2024-06-30T00:00:00,160689.0,138352.0,148851.0,,160689.0,165831.0,170640.0,2024-12-31T00:00:00,2025-03-31T00:00:00,2025-06-30T00:00:00,2025-09-30T00:00:00,Quarterly,SEK Million,SWEDENGFPA
106,Sweden,GDP from Services,Sweden GDP From Services,728159.0,2024-06-30T00:00:00,761888.0,703196.0,739081.0,,761888.0,786269.0,809070.0,2024-12-31T00:00:00,2025-03-31T00:00:00,2025-06-30T00:00:00,2025-09-30T00:00:00,Quarterly,SEK Million,SWEDENGDPFROSER
107,New Zealand,GDP from Services,New Zealand GDP From Services,48434.0,2024-06-30T00:00:00,48607.0,48739.0,48628.0,48918.0,48607.0,49239.0,50224.0,2024-12-31T00:00:00,2025-03-31T00:00:00,2025-06-30T00:00:00,2025-09-30T00:00:00,Quarterly,NZD Million,NEWZEALANGDPFROSER
108,Mexico,GDP from Services,Mexico GDP From Services,15211702.2,2024-06-30T00:00:00,15493993.0,14988124.0,15546360.0,,15493993.0,15772885.0,,2024-12-31T00:00:00,2025-03-31T00:00:00,2025-06-30T00:00:00,2025-09-30T00:00:00,Quarterly,MXN Million,MEXICOGDPFROSER
109,Mexico,GDP from Transport,Mexico GDP From Transport,1948505.2,2024-06-30T00:00:00,1855470.0,1881528.0,1991372.0,,1855470.0,1888868.0,,2024-12-31T00:00:00,2025-03-31T00:00:00,2025-06-30T00:00:00,2025-09-30T00:00:00,Quarterly,MXN Million,MEXICOGDPFROTRA
110,New Zealand,GDP from Transport,New Zealand GDP From Transport Postal and Warehousing,2570.0,2024-06-30T00:00:00,2574.0,2591.0,2580.0,2596.0,2574.0,2608.0,2660.0,2024-12-31T00:00:00,2025-03-31T00:00:00,2025-06-30T00:00:00,2025-09-30T00:00:00,Quarterly,NZD Million,NEWZEALANGDPFROTRA
111,Sweden,GDP from Transport,Sweden GDP From Transport and Storage,40658.0,2024-06-30T00:00:00,51909.0,44649.0,41268.0,,51909.0,53570.0,55123.0,2024-12-31T00:00:00,2025-03-31T00:00:00,2025-06-30T00:00:00,2025-09-30T00:00:00,Quarterly,SEK Million,SWEDENGDPFROTRA
112,Sweden,GDP from Utilities,Sweden GDP From Utilities,34591.0,2024-06-30T00:00:00,45845.0,46917.0,35110.0,,45845.0,47312.0,48684.0,2024-12-31T00:00:00,2025-03-31T00:00:00,2025-06-30T00:00:00,2025-09-30T00:00:00,Quarterly,SEK Million,SWEDENGDPFROUTI
113,New Zealand,GDP from Utilities,New Zealand GDP From Utilities,1893.0,2024-06-30T00:00:00,1866.0,1905.0,1901.0,1912.0,1866.0,1890.0,1928.0,2024-12-31T00:00:00,2025-03-31T00:00:00,2025-06-30T00:00:00,2025-09-30T00:00:00,Quarterly,NZD Million,NEWZEALANGDPFROUTI
114,Mexico,GDP from Utilities,Mexico GDP From Utilities,346954.7,2024-06-30T00:00:00,334274.0,354588.0,354588.0,,334274.0,340291.0,,2024-12-31T00:00:00,2025-03-31T00:00:00,2025-06-30T00:00:00,2025-09-30T00:00:00,Quarterly,MXN Million,MEXICOGDPFROUTI
115,Mexico,GDP Growth Rate,Mexico GDP Growth Rate,0.2,2024-06-30T00:00:00,1.0,1.0,,,1.0,1.0,,2024-12-31T00:00:00,2025-03-31T00:00:00,2025-06-30T00:00:00,2025-09-30T00:00:00,Quarterly,percent,MXGPQTR
116,New Zealand,GDP Growth Rate,New Zealand GDP Growth Rate,-0.2,2024-06-30T00:00:00,0.3,0.5,0.4,0.5,0.3,0.6,0.5,2024-12-31T00:00:00,2025-03-31T00:00:00,2025-06-30T00:00:00,2025-09-30T00:00:00,Quarterly,percent,NZNTGDPC
117,Sweden,GDP Growth Rate,Sweden GDP Growth Rate,-0.3,2024-06-30T00:00:00,0.5,0.4,0.5,0.5,0.5,0.5,0.4,2024-12-31T00:00:00,2025-03-31T00:00:00,2025-06-30T00:00:00,2025-09-30T00:00:00,Quarterly,percent,SWGDPAQQ
118,Mexico,GDP per Capita,Mexico GDP per capita,10326.95,2023-12-31T00:00:00,,,,,9832.0,9925.0,,2024-12-31T00:00:00,2025-03-31T00:00:00,2025-06-30T00:00:00,2025-09-30T00:00:00,Yearly,USD,MEXNYGDPPCAPKD
119,Sweden,GDP per Capita,Sweden GDP per capita,55521.43,2023-12-31T00:00:00,,,,,55910.0,57308.0,59142.0,2024-12-31T00:00:00,2025-03-31T00:00:00,2025-06-30T00:00:00,2025-09-30T00:00:00,Yearly,USD,SWENYGDPPCAPKD
120,New Zealand,GDP per Capita,New Zealand GDP per capita,41724.97,2023-12-31T00:00:00,,,,,41892.0,42520.0,43371.0,2024-12-31T00:00:00,2025-03-31T00:00:00,2025-06-30T00:00:00,2025-09-30T00:00:00,Yearly,USD,NZLNYGDPPCAPKD
121,New Zealand,GDP per Capita PPP,New Zealand GDP per capita PPP,48777.59,2023-12-31T00:00:00,,,,,48973.0,49707.0,50701.0,2024-12-31T00:00:00,2025-03-31T00:00:00,2025-06-30T00:00:00,2025-09-30T00:00:00,Yearly,USD,NZLNYGDPPCAPPPCD
122,Sweden,GDP per Capita PPP,Sweden GDP per capita PPP,64190.62,2023-12-31T00:00:00,,,,,64640.0,66256.0,68376.0,2024-12-31T00:00:00,2025-03-31T00:00:00,2025-06-30T00:00:00,2025-09-30T00:00:00,Yearly,USD,SWENYGDPPCAPPPCD
123,Mexico,GDP per Capita PPP,Mexico GDP per capita PPP,22366.66,2023-12-31T00:00:00,,,,,19275.0,19326.0,,2024-12-31T00:00:00,2025-03-31T00:00:00,2025-06-30T00:00:00,2025-09-30T00:00:00,Yearly,USD,MEXNYGDPPCAPPPCD
124,Mexico,Government Bond 10Y,Mexico 10-Year Government Bond Yield,10.07,2024-10-15T00:00:00,9.5,9.33,9.16,8.99,9.5,8.67,8.36,2024-12-31T00:00:00,2025-03-31T00:00:00,2025-06-30T00:00:00,2025-09-30T00:00:00,Daily,percent,GMXN10YR
125,Sweden,Government Bond 10Y,Sweden 10-Year Government Bond Yield,2.05,2024-10-15T00:00:00,1.9,1.84,1.79,1.73,1.9,1.63,1.54,2024-12-31T00:00:00,2025-03-31T00:00:00,2025-06-30T00:00:00,2025-09-30T00:00:00,Daily,percent,GSGB10YR
126,New Zealand,Government Bond 10Y,New Zealand 10-Year Government Bond Yield,4.4,2024-10-16T00:00:00,4.18,4.12,4.06,3.99,4.18,3.87,3.76,2024-12-31T00:00:00,2025-03-31T00:00:00,2025-06-30T00:00:00,2025-09-30T00:00:00,Daily,percent,GNZGB10
127,New Zealand,Government Budget,New Zealand Government Budget,-2.4,2023-12-31T00:00:00,,,,,-0.6,0.1,0.5,2024-12-31T00:00:00,2025-03-31T00:00:00,2025-06-30T00:00:00,2025-09-30T00:00:00,Yearly,percent of GDP,WCSDNZL
128,Sweden,Government Budget,Sweden Government Budget,-0.6,2023-12-31T00:00:00,,,,,-0.8,-0.2,0.9,2024-12-31T00:00:00,2025-03-31T00:00:00,2025-06-30T00:00:00,2025-09-30T00:00:00,Yearly,percent of GDP,WCSDSWE
129,Mexico,Government Budget,Mexico Government Budget,-5.0,2023-12-31T00:00:00,,,,,-5.8,-3.5,-3.0,2024-12-31T00:00:00,2025-03-31T00:00:00,2025-06-30T00:00:00,2025-09-30T00:00:00,Yearly,percent of GDP,2738A38
130,Mexico,Government Debt to GDP,Mexico Government Debt to GDP,49.7,2024-12-31T00:00:00,,,,,48.8,48.0,47.3,2024-12-31T00:00:00,2025-03-31T00:00:00,2025-06-30T00:00:00,2025-09-30T00:00:00,Yearly,percent of GDP,MEXDebt2GDP
131,Sweden,Government Debt to GDP,Sweden Government Debt to GDP,31.2,2023-12-31T00:00:00,,,,,30.8,30.2,28.5,2024-12-31T00:00:00,2025-03-31T00:00:00,2025-06-30T00:00:00,2025-09-30T00:00:00,Yearly,percent of GDP,SWEDebt2GDP
132,New Zealand,Government Debt to GDP,New Zealand Government Net Debt to GDP,39.3,2023-12-31T00:00:00,,,,,41.0,39.0,36.0,2024-12-31T00:00:00,2025-03-31T00:00:00,2025-06-30T00:00:00,2025-09-30T00:00:00,Yearly,percent of GDP,NZLDebt2GDP
133,Sweden,Government Spending to GDP,Sweden Government Spending to GDP,49.2,2023-12-31T00:00:00,,,,,48.0,47.0,,2024-12-31T00:00:00,2025-03-31T00:00:00,2025-06-30T00:00:00,2025-09-30T00:00:00,Yearly,percent of GDP,SwedenGovSpetoGDP
134,Sweden,Gross Fixed Capital Formation,Sweden Gross Fixed Capital Formation,378732.0,2024-06-30T00:00:00,387512.0,391223.0,384413.0,,387512.0,399912.0,411510.0,2024-12-31T00:00:00,2025-03-31T00:00:00,2025-06-30T00:00:00,2025-09-30T00:00:00,Quarterly,SEK Million,SWEDENGROFIXCAPFOR
135,New Zealand,Gross Fixed Capital Formation,New Zealand Gross Fixed Capital Formation,17578.0,2024-06-30T00:00:00,17676.0,17653.0,17648.0,17754.0,17676.0,17906.0,18264.0,2024-12-31T00:00:00,2025-03-31T00:00:00,2025-06-30T00:00:00,2025-09-30T00:00:00,Quarterly,NZD Million,NEWZEALANGROFIXCAPFO
136,Mexico,Gross Fixed Capital Formation,Mexico Gross Fixed Capital Formation,6431337.0,2024-06-30T00:00:00,6492478.0,6544682.0,6572826.0,,6492478.0,6609342.0,,2024-12-31T00:00:00,2025-03-31T00:00:00,2025-06-30T00:00:00,2025-09-30T00:00:00,Quarterly,MXN Million,MEXICOGROFIXCAPFOR
137,New Zealand,Gross National Product,New Zealand Gross National Product,75857.0,2024-06-30T00:00:00,74935.0,76232.0,76160.0,76616.0,74935.0,75909.0,77427.0,2024-12-31T00:00:00,2025-03-31T00:00:00,2025-06-30T00:00:00,2025-09-30T00:00:00,Quarterly,NZD Million,NEWZEALANGRONATPRO
138,Sweden,Gross National Product,Sweden Gross National Product,1704258.0,2023-12-31T00:00:00,1716188.0,1729822.0,1729822.0,,1716188.0,1771106.0,1822468.0,2024-12-31T00:00:00,2025-03-31T00:00:00,2025-06-30T00:00:00,2025-09-30T00:00:00,Quarterly,SEK Million,SWEDENGRONATPRO
139,New Zealand,House Price Index YoY,New Zealand House Price Index YoY,0.3,2024-09-30T00:00:00,3.2,2.8,2.8,,3.2,2.5,2.0,2024-12-31T00:00:00,2025-03-31T00:00:00,2025-06-30T00:00:00,2025-09-30T00:00:00,Monthly,percent,NZLHPIY
140,Sweden,Household Spending,Sweden Household Consumption YoY,0.1,2024-08-31T00:00:00,-0.8,0.1,2.1,-0.7,-0.8,1.4,-0.4,2024-12-31T00:00:00,2025-03-31T00:00:00,2025-06-30T00:00:00,2025-09-30T00:00:00,Monthly,percent,SWEDENHOUSPE
141,Sweden,Household Spending MoM,Sweden Household Spending MoM,0.8,2024-08-31T00:00:00,-0.2,0.3,0.1,-0.2,-0.2,0.2,0.3,2024-12-31T00:00:00,2025-03-31T00:00:00,2025-06-30T00:00:00,2025-09-30T00:00:00,Monthly,percent,SWEHSM
142,New Zealand,Housing Index,New Zealand Housing Index,2290.0,2024-09-30T00:00:00,2372.0,2414.0,2392.0,,2372.0,2431.0,2479.0,2024-12-31T00:00:00,2025-03-31T00:00:00,2025-06-30T00:00:00,2025-09-30T00:00:00,Monthly,Points,NEWZEALANHOUIND
143,New Zealand,Import Prices MoM,New Zealand Import Prices QoQ,3.1,2024-06-30T00:00:00,0.9,0.7,0.7,,0.9,0.5,0.4,2024-12-31T00:00:00,2025-03-31T00:00:00,2025-06-30T00:00:00,2025-09-30T00:00:00,Quarterly,percent,NZLIPM
144,New Zealand,Imports,New Zealand Imports,7170.0,2024-08-31T00:00:00,6990.0,7590.0,7590.0,,6990.0,7210.0,7470.0,2024-12-31T00:00:00,2025-03-31T00:00:00,2025-06-30T00:00:00,2025-09-30T00:00:00,Monthly,NZD Million,NZMTIMP
145,Sweden,Imports,Sweden Imports,155600.0,2024-08-31T00:00:00,177200.0,188700.0,188700.0,,177200.0,182600.0,,2024-12-31T00:00:00,2025-03-31T00:00:00,2025-06-30T00:00:00,2025-09-30T00:00:00,Monthly,SEK Million,SWTBIM
146,Mexico,Imports,Mexico Imports,56783.5,2024-08-31T00:00:00,53665.0,53665.0,,,53665.0,59059.0,,2024-12-31T00:00:00,2025-03-31T00:00:00,2025-06-30T00:00:00,2025-09-30T00:00:00,Monthly,USD Million,MXTBBIMP
147,Mexico,Industrial Production,Mexico Industrial Production,-0.9,2024-08-31T00:00:00,4.0,4.0,,,4.0,2.0,,2024-12-31T00:00:00,2025-03-31T00:00:00,2025-06-30T00:00:00,2025-09-30T00:00:00,Monthly,percent,MXIPTYOY
148,Sweden,Industrial Production,Sweden Industrial Production Value Index YoY,-3.2,2024-08-31T00:00:00,4.6,1.0,3.0,0.0,4.6,-1.1,4.3,2024-12-31T00:00:00,2025-03-31T00:00:00,2025-06-30T00:00:00,2025-09-30T00:00:00,Monthly,percent,SWIPIYOY
149,Sweden,Industrial Production Mom,Sweden Industrial Production Value Index MoM,0.7,2024-08-31T00:00:00,-0.4,0.5,-0.3,0.3,-0.4,0.1,0.3,2024-12-31T00:00:00,2025-03-31T00:00:00,2025-06-30T00:00:00,2025-09-30T00:00:00,Monthly,percent,SWEDENINDPROMOM
150,Mexico,Industrial Production Mom,Mexico Industrial Production MoM,-0.5,2024-08-31T00:00:00,0.5,0.5,,,0.5,0.5,,2024-12-31T00:00:00,2025-03-31T00:00:00,2025-06-30T00:00:00,2025-09-30T00:00:00,Monthly,percent,MEXICOINDPROMOM
151,New Zealand,Inflation Expectations,New Zealand Business 2-Year Inflation Expectations,2.03,2024-09-30T00:00:00,1.7,1.8,1.8,,1.7,2.0,1.7,2024-12-31T00:00:00,2025-03-31T00:00:00,2025-06-30T00:00:00,2025-09-30T00:00:00,Quarterly,percent,NEWZEALANINFEXP
152,Sweden,Inflation Expectations,Sweden Consumer Inflation Expectations,5.6,2024-09-30T00:00:00,2.8,3.0,3.0,,2.8,2.5,,2024-12-31T00:00:00,2025-03-31T00:00:00,2025-06-30T00:00:00,2025-09-30T00:00:00,Monthly,percent,SWEDENINFEXP
153,Sweden,Inflation Rate,Sweden Inflation Rate,1.6,2024-09-30T00:00:00,3.0,2.4,2.0,1.9,3.0,2.5,1.5,2024-12-31T00:00:00,2025-03-31T00:00:00,2025-06-30T00:00:00,2025-09-30T00:00:00,Monthly,percent,SWCPYOY
154,New Zealand,Inflation Rate,New Zealand Inflation Rate,2.2,2024-09-30T00:00:00,2.2,2.1,2.0,2.0,2.2,2.2,2.1,2024-12-31T00:00:00,2025-03-31T00:00:00,2025-06-30T00:00:00,2025-09-30T00:00:00,Quarterly,percent,NZCPIYOY
155,Mexico,Inflation Rate,Mexico Inflation Rate,4.58,2024-09-30T00:00:00,3.8,3.4,3.3,3.0,3.8,3.4,,2024-12-31T00:00:00,2025-03-31T00:00:00,2025-06-30T00:00:00,2025-09-30T00:00:00,Monthly,percent,MXCPYOY
156,Mexico,Inflation Rate MoM,Mexico Inflation Rate MoM,0.05,2024-09-30T00:00:00,0.3,0.2,0.25,0.25,0.3,0.3,,2024-12-31T00:00:00,2025-03-31T00:00:00,2025-06-30T00:00:00,2025-09-30T00:00:00,Monthly,percent,MEXICOINFRATMOM
157,New Zealand,Inflation Rate MoM,New Zealand Inflation Rate QoQ,0.6,2024-09-30T00:00:00,0.3,0.5,0.4,0.8,0.3,0.5,,2024-12-31T00:00:00,2025-03-31T00:00:00,2025-06-30T00:00:00,2025-09-30T00:00:00,Quarterly,percent,NEWZEALANINFRATMOM
158,Sweden,Inflation Rate MoM,Sweden Inflation Rate MoM,0.2,2024-09-30T00:00:00,0.3,0.4,-0.2,0.2,0.3,0.4,0.3,2024-12-31T00:00:00,2025-03-31T00:00:00,2025-06-30T00:00:00,2025-09-30T00:00:00,Monthly,percent,SWEDENINFRATMOM
159,Sweden,Interbank Rate,Sweden Three Month Interbank Rate,3.04,2024-10-15T00:00:00,2.79,2.54,2.29,2.29,2.79,2.29,1.79,2024-12-31T00:00:00,2025-03-31T00:00:00,2025-06-30T00:00:00,2025-09-30T00:00:00,Daily,percent,SWEDENINTRAT
160,Mexico,Interbank Rate,Mexico 28 Days Interbank Rate,10.95,2024-09-30T00:00:00,10.2,8.95,6.95,5.95,10.2,5.45,5.45,2024-12-31T00:00:00,2025-03-31T00:00:00,2025-06-30T00:00:00,2025-09-30T00:00:00,Monthly,percent,MEXICOINTRAT
161,Mexico,Interest Rate,Mexico Interest Rate,10.5,2024-09-26T00:00:00,9.75,8.5,6.5,5.5,9.75,5.0,5.0,2024-12-31T00:00:00,2025-03-31T00:00:00,2025-06-30T00:00:00,2025-09-30T00:00:00,Daily,percent,MXONBR
162,Sweden,Interest Rate,Sweden Interest Rate,3.25,2024-09-25T00:00:00,3.0,2.75,2.5,2.5,3.0,2.5,2.0,2024-12-31T00:00:00,2025-03-31T00:00:00,2025-06-30T00:00:00,2025-09-30T00:00:00,Daily,percent,SWRRATEI
163,New Zealand,Interest Rate,New Zealand Interest Rate,4.75,2024-10-09T00:00:00,4.75,4.5,4.25,4.0,4.75,3.75,4.0,2024-12-31T00:00:00,2025-03-31T00:00:00,2025-06-30T00:00:00,2025-09-30T00:00:00,Daily,percent,NZOCRS
164,New Zealand,Labor Force Participation Rate,New Zealand Labor Force Participation Rate,71.7,2024-06-30T00:00:00,71.8,71.9,71.9,,71.8,72.3,72.5,2024-12-31T00:00:00,2025-03-31T00:00:00,2025-06-30T00:00:00,2025-09-30T00:00:00,Quarterly,percent,NEWZEALANLABFORPARRA
165,Mexico,Labor Force Participation Rate,Mexico Labor Force Participation Rate,60.2,2024-08-31T00:00:00,59.8,59.8,,,59.8,60.0,,2024-12-31T00:00:00,2025-03-31T00:00:00,2025-06-30T00:00:00,2025-09-30T00:00:00,Monthly,percent,MEXICOLFPR
166,New Zealand,Labour Costs,New Zealand Labour Costs,1397.0,2024-06-30T00:00:00,1410.0,1419.0,1431.0,1431.0,1410.0,1441.0,1468.0,2024-12-31T00:00:00,2025-03-31T00:00:00,2025-06-30T00:00:00,2025-09-30T00:00:00,Quarterly,points,NEWZEALANLABCOS
167,Sweden,Labour Costs,Sweden Labour Costs,161.0,2024-06-30T00:00:00,162.13,163.36,165.35,165.35,162.13,166.18,169.67,2024-12-31T00:00:00,2025-03-31T00:00:00,2025-06-30T00:00:00,2025-09-30T00:00:00,Monthly,points,SWEDENLABCOS
168,Sweden,Lending Rate,Sweden Lending Rate,3.35,2024-10-02T00:00:00,3.1,2.85,2.6,2.6,3.1,2.6,2.1,2024-12-31T00:00:00,2025-03-31T00:00:00,2025-06-30T00:00:00,2025-09-30T00:00:00,Monthly,percent,SWEDENLENRAT
169,Sweden,Loan Growth,Sweden Household Lending Growth,0.9,2024-08-31T00:00:00,1.5,1.6,1.8,1.8,1.5,2.2,2.5,2024-12-31T00:00:00,2025-03-31T00:00:00,2025-06-30T00:00:00,2025-09-30T00:00:00,Monthly,percent,SWEDENLOAGRO
170,Sweden,Loans to Private Sector,Sweden Loans to Private Sector,1668357.0,2024-08-31T00:00:00,1731293.0,1733874.0,1724406.0,,1731293.0,1786694.0,1838508.0,2024-12-31T00:00:00,2025-03-31T00:00:00,2025-06-30T00:00:00,2025-09-30T00:00:00,Monthly,SEK Million,SWEDENLOATOPRISEC
171,New Zealand,Loans to Private Sector,New Zealand Loans To Private Sector,135255.0,2024-08-31T00:00:00,133842.0,135796.0,136041.0,136608.0,133842.0,135582.0,138294.0,2024-12-31T00:00:00,2025-03-31T00:00:00,2025-06-30T00:00:00,2025-09-30T00:00:00,Monthly,NZD Million,NEWZEALANLTPS
172,Mexico,Loans to Private Sector,Mexico Loans to Private Sector,3461707921.1,2024-07-31T00:00:00,3307955403.0,3329860692.0,3507413727.0,,3307955403.0,3367498600.0,,2024-12-31T00:00:00,2025-03-31T00:00:00,2025-06-30T00:00:00,2025-09-30T00:00:00,Monthly,MXN Thousand,MEXICOLOATOPRISEC
173,Sweden,Long Term Unemployment Rate,Sweden Long Term Unemployment Rate,1.7,2024-06-30T00:00:00,1.2,1.1,2.8,2.8,1.2,1.0,0.8,2024-12-31T00:00:00,2025-03-31T00:00:00,2025-06-30T00:00:00,2025-09-30T00:00:00,Quarterly,percent,SwedenLonTerUneRat
174,Sweden,Manufacturing PMI,Sweden Manufacturing PMI,51.3,2024-09-30T00:00:00,51.6,52.0,52.0,,51.6,53.2,54.0,2024-12-31T00:00:00,2025-03-31T00:00:00,2025-06-30T00:00:00,2025-09-30T00:00:00,Monthly,points,SWEDENMANPMI
175,New Zealand,Manufacturing PMI,New Zealand Manufacturing PMI,46.9,2024-09-30T00:00:00,52.1,52.6,52.5,52.5,52.1,54.5,,2024-12-31T00:00:00,2025-03-31T00:00:00,2025-06-30T00:00:00,2025-09-30T00:00:00,Monthly,points,NEWZEALANMANPMI
176,Mexico,Manufacturing PMI,Mexico Manufacturing PMI,47.3,2024-09-30T00:00:00,52.0,52.0,,,52.0,55.0,,2024-12-31T00:00:00,2025-03-31T00:00:00,2025-06-30T00:00:00,2025-09-30T00:00:00,Monthly,points,MEXICOMANPMI
177,Mexico,Manufacturing Production,Mexico Manufacturing Production,0.1,2024-08-31T00:00:00,2.0,2.0,,,2.0,2.0,,2024-12-31T00:00:00,2025-03-31T00:00:00,2025-06-30T00:00:00,2025-09-30T00:00:00,Monthly,percent,MEXICOMANPRO
178,Sweden,Manufacturing Production,Sweden Manufacturing Production Value Index,-3.4,2024-08-31T00:00:00,1.4,1.9,1.9,,1.4,2.5,3.0,2024-12-31T00:00:00,2025-03-31T00:00:00,2025-06-30T00:00:00,2025-09-30T00:00:00,Monthly,percent,SwedenManPro
179,New Zealand,Manufacturing Sales,New Zealand Manufacturing Sales,-3.0,2024-06-30T00:00:00,2.5,2.9,2.9,,2.5,2.0,2.7,2024-12-31T00:00:00,2025-03-31T00:00:00,2025-06-30T00:00:00,2025-09-30T00:00:00,Quarterly,percent,NEWZEALANMANSAL
180,Mexico,Mid-month Core Inflation Rate MoM,Mexico Mid-month Core Inflation Rate MoM,0.21,2024-09-30T00:00:00,0.5,0.5,,,0.5,0.5,,2024-12-31T00:00:00,2025-03-31T00:00:00,2025-06-30T00:00:00,2025-09-30T00:00:00,Monthly,percent,MEXMMCIRM
181,Mexico,Mid-month Core Inflation Rate YoY,Mexico Mid-month Core Inflation Rate YoY,3.95,2024-09-30T00:00:00,4.0,4.0,,,4.0,3.0,,2024-12-31T00:00:00,2025-03-31T00:00:00,2025-06-30T00:00:00,2025-09-30T00:00:00,Monthly,percent,MEXMMCIRY
182,Mexico,Mid-month Inflation Rate MoM,Mexico Mid-month Inflation Rate MoM,0.09,2024-09-30T00:00:00,0.5,0.5,,,0.5,0.5,,2024-12-31T00:00:00,2025-03-31T00:00:00,2025-06-30T00:00:00,2025-09-30T00:00:00,Monthly,percent,MEXMMIRM
183,Mexico,Mid-month Inflation Rate YoY,Mexico Mid-month Inflation Rate YoY,4.66,2024-09-30T00:00:00,4.0,4.0,,,4.0,4.0,,2024-12-31T00:00:00,2025-03-31T00:00:00,2025-06-30T00:00:00,2025-09-30T00:00:00,Monthly,percent,MEXMMIRY
184,Mexico,Minimum Wages,Mexico Minimum Daily Wage,248.93,2024-09-30T00:00:00,248.93,287.0,287.0,287.0,248.93,287.0,302.0,2024-12-31T00:00:00,2025-03-31T00:00:00,2025-06-30T00:00:00,2025-09-30T00:00:00,Monthly,MXN/Day,MEXICOMINWAG
185,New Zealand,Minimum Wages,New Zealand Gross Minimum Hourly Wage,23.15,2024-04-01T00:00:00,,,,,23.15,23.7,24.5,2024-12-31T00:00:00,2025-03-31T00:00:00,2025-06-30T00:00:00,2025-09-30T00:00:00,Yearly,NZD/Hour,NEWZEALANMINWAG
186,Mexico,Mining Production,Mexico Mining Production,-1.2,2024-08-31T00:00:00,1.0,1.0,,,1.0,2.0,,2024-12-31T00:00:00,2025-03-31T00:00:00,2025-06-30T00:00:00,2025-09-30T00:00:00,Monthly,percent,MEXICOMINPRO
187,Mexico,Monthly GDP MoM,Mexico Economic Activity MoM,0.6,2024-07-31T00:00:00,0.5,0.5,,,0.5,0.5,,2024-12-31T00:00:00,2025-03-31T00:00:00,2025-06-30T00:00:00,2025-09-30T00:00:00,Monthly,percent,MEXMGM
188,Sweden,Monthly GDP MoM,Sweden Monthly GDP MoM,1.1,2024-08-31T00:00:00,0.2,0.0,0.3,-0.2,0.2,0.4,0.5,2024-12-31T00:00:00,2025-03-31T00:00:00,2025-06-30T00:00:00,2025-09-30T00:00:00,Monthly,percent,SWEMGM
189,Mexico,Monthly GDP YoY,Mexico Economic Activity YoY,3.8,2024-07-31T00:00:00,3.0,3.0,,,3.0,3.5,,2024-12-31T00:00:00,2025-03-31T00:00:00,2025-06-30T00:00:00,2025-09-30T00:00:00,Monthly,percent,MEXMGY
190,Sweden,Mortgage Rate,Sweden Average Interest Rate for Households Housing Loans,4.06,2024-08-31T00:00:00,3.81,3.56,3.31,3.31,3.81,3.31,2.81,2024-12-31T00:00:00,2025-03-31T00:00:00,2025-06-30T00:00:00,2025-09-30T00:00:00,Monthly,percent,SWEMORTGAGE
191,Sweden,Population,Sweden Population,10.55,2024-12-31T00:00:00,,,,,10.62,10.71,10.86,2024-12-31T00:00:00,2025-03-31T00:00:00,2025-06-30T00:00:00,2025-09-30T00:00:00,Yearly,Million,SWE SP.POP.TOTL
192,New Zealand,Population,New Zealand Population,5.31,2023-12-31T00:00:00,,,,,5.37,5.45,5.51,2024-12-31T00:00:00,2025-03-31T00:00:00,2025-06-30T00:00:00,2025-09-30T00:00:00,Yearly,Million,NZL SP.POP.TOTL
193,Mexico,Population,Mexico Population,128.46,2023-12-31T00:00:00,,,,,126.8,127.1,,2024-12-31T00:00:00,2025-03-31T00:00:00,2025-06-30T00:00:00,2025-09-30T00:00:00,Yearly,Million,MEX SP.POP.TOTL
194,Mexico,Private Investment,Mexico Gross Fixed Investment,6.4,2024-07-31T00:00:00,3.0,3.0,,,3.0,5.0,,2024-12-31T00:00:00,2025-03-31T00:00:00,2025-06-30T00:00:00,2025-09-30T00:00:00,Monthly,percent,MEXICOPRIINV
195,Mexico,Private Sector Credit,Mexico Private Sector Credit,6767348298.86,2024-08-31T00:00:00,6333072112.0,6459811189.0,6738716606.0,,6333072112.0,6447067410.0,,2024-12-31T00:00:00,2025-03-31T00:00:00,2025-06-30T00:00:00,2025-09-30T00:00:00,Monthly,MXN Thousand,MEXICOPRISECCRE
196,Sweden,Producer Price Inflation MoM,Sweden Producer Price Inflation MoM,0.6,2024-08-31T00:00:00,0.3,0.3,0.4,0.4,0.3,0.4,,2024-12-31T00:00:00,2025-03-31T00:00:00,2025-06-30T00:00:00,2025-09-30T00:00:00,Monthly,percent,SWEPPIM
197,Sweden,Producer Prices,Sweden Producer Prices,132.7,2024-08-31T00:00:00,139.28,136.27,135.81,131.51,139.28,140.68,147.57,2024-12-31T00:00:00,2025-03-31T00:00:00,2025-06-30T00:00:00,2025-09-30T00:00:00,Monthly,points,SWEDENPROPRI
198,Mexico,Producer Prices,Mexico Producer Prices,128.02,2024-09-30T00:00:00,127.8,129.38,131.9,133.01,127.8,133.17,137.83,2024-12-31T00:00:00,2025-03-31T00:00:00,2025-06-30T00:00:00,2025-09-30T00:00:00,Monthly,points,MEXICOPROPRI
199,Mexico,Producer Prices Change,Mexico Producer Prices Change,5.5,2024-09-30T00:00:00,5.0,4.7,4.3,3.9,5.0,4.2,3.5,2024-12-31T00:00:00,2025-03-31T00:00:00,2025-06-30T00:00:00,2025-09-30T00:00:00,Monthly,percent,MEXICOPROPRICHA
200,Sweden,Producer Prices Change,Sweden Producer Prices Change,1.2,2024-08-31T00:00:00,5.2,2.0,1.5,-0.9,5.2,1.0,4.9,2024-12-31T00:00:00,2025-03-31T00:00:00,2025-06-30T00:00:00,2025-09-30T00:00:00,Monthly,percent,SWEDENPROPRICHA
201,New Zealand,Producer Prices Change,New Zealand PPI Output YoY,3.4,2024-06-30T00:00:00,1.6,1.4,1.4,,1.6,1.1,1.7,2024-12-31T00:00:00,2025-03-31T00:00:00,2025-06-30T00:00:00,2025-09-30T00:00:00,Quarterly,percent,NZLPRODUCERPCHANGE
202,Mexico,Productivity,Mexico Productivity,102.5,2024-07-31T00:00:00,104.0,104.0,,,104.0,97.0,,2024-12-31T00:00:00,2025-03-31T00:00:00,2025-06-30T00:00:00,2025-09-30T00:00:00,Monthly,points,MEXICOPRO
203,Mexico,Retail Sales MoM,Mexico Retail Sales MoM,0.7,2024-07-31T00:00:00,0.4,0.4,,,0.4,0.9,,2024-12-31T00:00:00,2025-03-31T00:00:00,2025-06-30T00:00:00,2025-09-30T00:00:00,Monthly,percent,MEXRetailSalesMoM
204,New Zealand,Retail Sales MoM,New Zealand Retail Sales QoQ,-1.2,2024-06-30T00:00:00,0.5,0.3,0.3,,0.5,0.6,0.4,2024-12-31T00:00:00,2025-03-31T00:00:00,2025-06-30T00:00:00,2025-09-30T00:00:00,Quarterly,percent,NZLRetailSalesMoM
205,Sweden,Retail Sales MoM,Sweden Retail Sales MoM,0.4,2024-08-31T00:00:00,-0.5,0.1,0.1,,-0.5,0.4,0.5,2024-12-31T00:00:00,2025-03-31T00:00:00,2025-06-30T00:00:00,2025-09-30T00:00:00,Monthly,percent,SWERetailSalesMoM
206,Sweden,Retail Sales YoY,Sweden Retail Sales YoY,0.5,2024-08-31T00:00:00,-3.1,-5.9,-2.8,-2.8,-3.1,-0.7,1.3,2024-12-31T00:00:00,2025-03-31T00:00:00,2025-06-30T00:00:00,2025-09-30T00:00:00,Monthly,percent,SWERetailSalesYoY
207,New Zealand,Retail Sales YoY,New Zealand Retail Sales YoY,-3.6,2024-06-30T00:00:00,1.8,2.3,2.3,,1.8,2.2,2.9,2024-12-31T00:00:00,2025-03-31T00:00:00,2025-06-30T00:00:00,2025-09-30T00:00:00,Quarterly,percent,NZLRetailSalesYoY
208,Mexico,Retail Sales YoY,Mexico Retail Sales YoY,-0.6,2024-07-31T00:00:00,2.0,2.0,,,2.0,3.0,,2024-12-31T00:00:00,2025-03-31T00:00:00,2025-06-30T00:00:00,2025-09-30T00:00:00,Monthly,percent,MEXRetailSalesYoY
209,New Zealand,Services PMI,New Zealand Services PMI,45.7,2024-09-30T00:00:00,52.9,52.4,52.4,,52.9,53.4,54.0,2024-12-31T00:00:00,2025-03-31T00:00:00,2025-06-30T00:00:00,2025-09-30T00:00:00,Monthly,points,NEWZEALANSERPMI
210,Sweden,Services PMI,Sweden Services PMI,49.1,2024-09-30T00:00:00,51.5,52.0,52.0,,51.5,53.4,54.0,2024-12-31T00:00:00,2025-03-31T00:00:00,2025-06-30T00:00:00,2025-09-30T00:00:00,Monthly,points,SWEDENSERPMI
211,Sweden,Stock Market,Sweden Stock Market Index,2580.09,2024-10-16T00:00:00,2577.4,2520.74,2465.13,2411.1,2577.4,2306.22,2205.92,2024-12-31T00:00:00,2025-03-31T00:00:00,2025-06-30T00:00:00,2025-09-30T00:00:00,Daily,points,S30
212,New Zealand,Stock Market,New Zealand Stock Market (NZX 50),12641.32,2024-10-16T00:00:00,12249.77,12036.59,11827.15,11621.45,12249.77,11220.51,10833.51,2024-12-31T00:00:00,2025-03-31T00:00:00,2025-06-30T00:00:00,2025-09-30T00:00:00,Daily,points,NZSE50FG
213,Mexico,Stock Market,IPC Mexico Stock Market,52476.65,2024-10-16T00:00:00,51034.17,49633.03,48263.37,46940.94,51034.17,44396.75,41988.68,2024-12-31T00:00:00,2025-03-31T00:00:00,2025-06-30T00:00:00,2025-09-30T00:00:00,Daily,points,MEXBOL
214,New Zealand,Terms of Trade,New Zealand Terms of Trade,1393.0,2024-06-30T00:00:00,1393.0,1389.0,1387.0,,1393.0,1388.0,1388.0,2024-12-31T00:00:00,2025-03-31T00:00:00,2025-06-30T00:00:00,2025-09-30T00:00:00,Quarterly,points,NEWZEALANTEROFTRA
215,New Zealand,Tourism Revenues,New Zealand Tourism Revenues,5422.0,2024-06-30T00:00:00,4100.0,4600.0,4600.0,,4100.0,4900.0,5400.0,2024-12-31T00:00:00,2025-03-31T00:00:00,2025-06-30T00:00:00,2025-09-30T00:00:00,Quarterly,NZD Million,NZLTOURISMREV
216,Mexico,Tourism Revenues,Mexico Tourism Revenues,1949889.21,2024-08-31T00:00:00,3158682.0,3158682.0,,,3158682.0,3220211.0,,2024-12-31T00:00:00,2025-03-31T00:00:00,2025-06-30T00:00:00,2025-09-30T00:00:00,Monthly,USD Thousand,MEXICOTOUREV
217,Mexico,Tourist Arrivals,Mexico Tourist Arrivals,1810.14,2024-08-31T00:00:00,3000.0,3000.0,,,3000.0,3100.0,,2024-12-31T00:00:00,2025-03-31T00:00:00,2025-06-30T00:00:00,2025-09-30T00:00:00,Monthly,Thousand,MEXICOTOUARR
218,New Zealand,Tourist Arrivals,New Zealand Tourist Arrivals,221837.0,2024-07-31T00:00:00,480000.0,410000.0,410000.0,,480000.0,596000.0,615000.0,2024-12-31T00:00:00,2025-03-31T00:00:00,2025-06-30T00:00:00,2025-09-30T00:00:00,Monthly,,NEWZEALANTOUARR
219,New Zealand,Unemployed Persons,New Zealand Unemployed Persons,143.0,2024-06-30T00:00:00,122.0,125.0,125.0,,122.0,126.0,119.0,2024-12-31T00:00:00,2025-03-31T00:00:00,2025-06-30T00:00:00,2025-09-30T00:00:00,Quarterly,Thousand,NEWZEALANUNEPER
220,New Zealand,Unemployment Rate,New Zealand Unemployment Rate,4.6,2024-06-30T00:00:00,5.1,5.3,5.5,5.6,5.1,5.6,5.4,2024-12-31T00:00:00,2025-03-31T00:00:00,2025-06-30T00:00:00,2025-09-30T00:00:00,Quarterly,percent,NZLFUNER
221,Sweden,Unemployment Rate,Sweden Unemployment Rate,7.9,2024-08-31T00:00:00,7.4,7.3,9.0,9.0,7.4,7.2,7.0,2024-12-31T00:00:00,2025-03-31T00:00:00,2025-06-30T00:00:00,2025-09-30T00:00:00,Monthly,percent,UMRTSE
222,Mexico,Unemployment Rate,Mexico Unemployment Rate,3.0,2024-08-31T00:00:00,3.4,3.4,,,3.4,3.5,,2024-12-31T00:00:00,2025-03-31T00:00:00,2025-06-30T00:00:00,2025-09-30T00:00:00,Monthly,percent,MXUEUNSA
223,Sweden,Wage Growth,Sweden Hourly Wage Growth YoY,3.7,2024-06-30T00:00:00,3.2,3.0,2.7,2.7,3.2,2.5,2.1,2024-12-31T00:00:00,2025-03-31T00:00:00,2025-06-30T00:00:00,2025-09-30T00:00:00,Monthly,percent,SWEDENWAGGRO
224,New Zealand,Wage Growth,New Zealand Wage Growth,3.6,2024-06-30T00:00:00,2.7,2.5,2.4,2.4,2.7,2.2,1.9,2024-12-31T00:00:00,2025-03-31T00:00:00,2025-06-30T00:00:00,2025-09-30T00:00:00,Quarterly,percent,NZLWAGEGROWTH
225,Sweden,Wages,Sweden Average Hourly Wages,202.1,2024-06-30T00:00:00,202.38,202.09,207.56,207.56,202.38,207.43,211.79,2024-12-31T00:00:00,2025-03-31T00:00:00,2025-06-30T00:00:00,2025-09-30T00:00:00,Monthly,SEK/Hour,SWEDENWAG
226,Mexico,Wages,Mexico Average Daily Wages,587.46,2024-08-31T00:00:00,589.22,590.4,591.88,593.36,589.22,595.14,,2024-12-31T00:00:00,2025-03-31T00:00:00,2025-06-30T00:00:00,2025-09-30T00:00:00,Monthly,MXN/Day,MEXICOWAG
227,Mexico,Wages in Manufacturing,Mexico Nominal Hourly Wages in Manufacturing,3.9,2024-07-31T00:00:00,5.9,4.2,4.2,,5.9,6.1,6.2,2024-12-31T00:00:00,2025-03-31T00:00:00,2025-06-30T00:00:00,2025-09-30T00:00:00,Monthly,USD/Hour,MEXICOWAGINMAN
228,Sweden,Wages in Manufacturing,Sweden Average Hourly Wages in Manufacturing,219.4,2024-06-30T00:00:00,216.51,216.92,225.32,225.32,216.51,221.93,226.59,2024-12-31T00:00:00,2025-03-31T00:00:00,2025-06-30T00:00:00,2025-09-30T00:00:00,Monthly,SEK/Hour,SWEDENWAGINMAN
229,Sweden,Youth Unemployment Rate,Sweden Youth Unemployment Rate,22.1,2024-08-31T00:00:00,21.6,21.5,23.2,23.2,21.6,21.4,21.2,2024-12-31T00:00:00,2025-03-31T00:00:00,2025-06-30T00:00:00,2025-09-30T00:00:00,Monthly,percent,SwedenYouUneRat
230,"Free accounts have access to the following countries: Mexico, New Zealand, Sweden, Thailand. For more, contact us at support@tradingeconomics.com.","Free accounts have access to the following countries: Mexico, New Zealand, Sweden, Thailand. For more, contact us at support@tradingeconomics.com.",,,,,,,,,,,,,,,,,
